{"A": {"A": 0.0, "R": 0.022785288738209748, "N": 0.018723050869668995, "D": 0.03960394983672744, "C": 0.01862932171824068, "Q": 0.03135069201880921, "E": 0.08633471442498622, "G": 0.11080377330733457, "H": 0.007274777359314476, "I": 0.008802875378829648, "L": 0.03222699496287616, "K": 0.052810962156684155, "M": 0.01637058675973212, "F": 0.007599910356716226, "P": 0.061846808035713484, "S": 0.2201431792880739, "T": 0.12157949318969319, "W": 0.0015289850312059834, "Y": 0.007977619199150044, "V": 0.13360701736803388}, "R": {"A": 0.051469162748029366, "R": 0.0, "N": 0.02675205799638006, "D": 0.009051504649988282, "C": 0.010985293920465673, "Q": 0.12009269539087573, "E": 0.027464804114003604, "G": 0.052431058008360065, "H": 0.05624312907104416, "I": 0.009761530232064396, "L": 0.04621498696436886, "K": 0.3575599842548644, "M": 0.014351798707020795, "F": 0.00425203378075412, "P": 0.03349544557368647, "S": 0.09167129467573476, "T": 0.0364369102067717, "W": 0.018036325354563124, "Y": 0.01449696776807886, "V": 0.019233016582945735}, "N": {"A": 0.03191461193348338, "R": 0.020187269494701995, "N": 0.0, "D": 0.2238014240420021, "C": 0.0037007442177089656, "Q": 0.04096713070398189, "E": 0.039737508801732005, "G": 0.06771008273562187, "H": 0.06984346167776972, "I": 0.019409885392232065, "L": 0.008193357130123669, "K": 0.13500176609892878, "M": 0.0027934150232051345, "F": 0.0026704647892695226, "P": 0.006450917243920465, "S": 0.19963684750782734, "T": 0.08949941152036457, "W": 0.0007475803017528491, "Y": 0.027680763172168228, "V": 0.010053358213205308}, "D": {"A": 0.06788935100499036, "R": 0.006868966002942038, "N": 0.22506763641301183, "D": 0.0, "C": 0.0006203016298129063, "Q": 0.02402323361859925, "E": 0.38014325630173534, "G": 0.0764193711771493, "H": 0.024112691991566095, "I": 0.0020269435594435035, "L": 0.00775305985895398, "K": 0.031564768683391746, "M": 0.0021458541316617084, "F": 0.0019045481712012735, "P": 0.020576216043780543, "S": 0.07901231678037693, "T": 0.024254755653880477, "W": 0.0019797115147468926, "Y": 0.012184008865723225, "V": 0.011453008597032568}, "C": {"A": 0.19159611154741735, "R": 0.05001597762992458, "N": 0.022328819680686944, "D": 0.0037215976173202428, "C": 0.0, "Q": 0.007815839428967063, "E": 0.002669616697579752, "G": 0.054980936877647636, "H": 0.013099014731009778, "I": 0.01775711426490526, "L": 0.07134275009926848, "K": 0.00988926815056948, "M": 0.016399752931049262, "F": 0.032941115135739996, "P": 0.010781772970560094, "S": 0.21073465486396492, "T": 0.06740088668339597, "W": 0.022214683821065277, "Y": 0.04131086380528704, "V": 0.15299922306364086}, "Q": {"A": 0.05986964576378308, "R": 0.10152747421069243, "N": 0.04589677323551231, "D": 0.02676257308419861, "C": 0.0014512610428827268, "Q": 0.0, "E": 0.24154117429310262, "G": 0.020900329188622634, "H": 0.07979889313036913, "I": 0.004199550835624638, "L": 0.05701561654496023, "K": 0.18376610756819103, "M": 0.022923104198994702, "F": 0.0029209551166280317, "P": 0.032489821841749866, "S": 0.05440443119941634, "T": 0.03981513675854588, "W": 0.002360689116397198, "Y": 0.006109650984365856, "V": 0.016246811885962623}, "E": {"A": 0.11634663146634958, "R": 0.016385220709117, "N": 0.0314163729187722, "D": 0.2988494716484867, "C": 0.00034980629374936444, "Q": 0.17045116487243497, "E": 0.0, "G": 0.04010345578543523, "H": 0.011816714603895377, "I": 0.005238968990813791, "L": 0.011284196680159933, "K": 0.1360232100285527, "M": 0.0052147379301312165, "F": 0.0026457601744355763, "P": 0.026496107733516832, "S": 0.04158191145987072, "T": 0.04259438183792379, "W": 0.0019110224740629324, "Y": 0.00587543974148459, "V": 0.03541542465080734}, "G": {"A": 0.25884315670678465, "R": 0.054222331987334026, "N": 0.09279456308047401, "D": 0.10414116746479585, "C": 0.012488337452614844, "Q": 0.025566760733837547, "E": 0.06951772938776438, "G": 0.0, "H": 0.012851544225495592, "I": 0.0031125818260003845, "L": 0.011146388366377472, "K": 0.04887028782466397, "M": 0.007161242617319042, "F": 0.004047221708322297, "P": 0.02350899741496951, "S": 0.196736880745942, "T": 0.029060462658482916, "W": 0.010224448823835301, "Y": 0.007707766902960985, "V": 0.02799813007202503}, "H": {"A": 0.029038962941150027, "R": 0.09938899595292489, "N": 0.16355890772175918, "D": 0.05614924737531292, "C": 0.0050840566196258714, "Q": 0.16680102171866965, "E": 0.03500175217643123, "G": 0.02196011315326178, "H": 0.0, "I": 0.007083385429293829, "L": 0.04553885830193542, "K": 0.058414386146948216, "M": 0.008335942897676774, "F": 0.027613784995491882, "P": 0.033695762330190615, "S": 0.054419508530767595, "T": 0.0305414921113988, "W": 0.003994915211175777, "Y": 0.1445044046392922, "V": 0.008874501746693386}, "I": {"A": 0.014253995489307161, "R": 0.006997411264656417, "N": 0.01843835123719619, "D": 0.001914655148878853, "C": 0.0027957272832007333, "Q": 0.0035608636908540307, "E": 0.006294910129591438, "G": 0.0021574994973377754, "H": 0.0028733699209974733, "I": 0.0, "L": 0.23265537394151775, "K": 0.017095432359076845, "M": 0.07066651341540091, "F": 0.034653640618820925, "P": 0.003892014556592724, "S": 0.018899672968119546, "T": 0.07571706524968667, "W": 0.0026015344080700387, "Y": 0.01261393420678246, "V": 0.471918034613912}, "L": {"A": 0.049830296046603405, "R": 0.03163471482567013, "N": 0.007432289035193169, "D": 0.006993323813504416, "C": 0.010725902739551745, "Q": 0.046164477479349285, "E": 0.012947202668913409, "G": 0.007377779808892243, "H": 0.017639830124870148, "I": 0.22216450903258816, "L": 0.0, "K": 0.023094434614546046, "M": 0.13684901370039362, "F": 0.11751207738820726, "P": 0.027510041504779, "S": 0.034644351155813824, "T": 0.02880786333574042, "W": 0.013835848741797045, "Y": 0.020326352309857777, "V": 0.18450969167372877}, "K": {"A": 0.07326745363025593, "R": 0.21960557468374234, "N": 0.10987870125069, "D": 0.025546209768040666, "C": 0.001334017489193604, "Q": 0.13350356955021334, "E": 0.14003341521216325, "G": 0.029023499591122055, "H": 0.020302309282297478, "I": 0.014647214574698576, "L": 0.020721476450003693, "K": 0.0, "M": 0.017004663284663074, "F": 0.0031862434440661203, "P": 0.023784150167393273, "S": 0.06274506930901556, "T": 0.07897480217794506, "W": 0.0018460932368189551, "Y": 0.004387004920156237, "V": 0.02020853197752093}, "M": {"A": 0.061443393838326706, "R": 0.02384650393862654, "N": 0.006150826318535267, "D": 0.004698378404225456, "C": 0.005984923553921371, "Q": 0.045053114808018845, "E": 0.014523626800128128, "G": 0.0115058100576825, "H": 0.007837982423172256, "I": 0.16379949225997228, "L": 0.33218419534842175, "K": 0.04600361590206043, "M": 0.0, "F": 0.03632398383660522, "P": 0.006224021911421913, "S": 0.02725617218164668, "T": 0.07343086058082235, "W": 0.005889304616924265, "Y": 0.011996897256864335, "V": 0.11584689596262379}, "F": {"A": 0.02681569124715344, "R": 0.006641782748946625, "N": 0.0055278268653119805, "D": 0.00392021000973146, "C": 0.011301320093902542, "Q": 0.005396918424733199, "E": 0.0069272784464020675, "G": 0.006113013927234961, "H": 0.024408723623420305, "I": 0.07551223604805228, "L": 0.2681571458599855, "K": 0.008103496773844579, "M": 0.03414782526167302, "F": 0.0, "P": 0.010864977573265305, "S": 0.05581178201054328, "T": 0.015423935101223158, "W": 0.03236068886608215, "Y": 0.33480849139778834, "V": 0.06775665572070566}, "P": {"A": 0.2159697836017132, "R": 0.05178081658976012, "N": 0.013215518978220368, "D": 0.04191582889391787, "C": 0.0036608019795323957, "Q": 0.05941053672831561, "E": 0.0686577278386152, "G": 0.03514209703497244, "H": 0.02947742840068826, "I": 0.008393403379284436, "L": 0.06212884676568465, "K": 0.05986545985805913, "M": 0.0057907639965657665, "F": 0.010752860465233617, "P": 0.0, "S": 0.19436436308881042, "T": 0.08410219679790122, "W": 0.003475566744542759, "Y": 0.01320728799773925, "V": 0.03868871086044312}, "S": {"A": 0.22012245607601938, "R": 0.0405788666694061, "N": 0.11710808202021784, "D": 0.046088307167882266, "C": 0.020488276568037776, "Q": 0.02848615499150172,